{"cameraMode":{"drawMode":0,"name":"Shaded","section":"Shading Mode"},"sceneLighting":true,"audioPlay":false,"sceneViewState":{"showFog":true,"showMaterialUpdate":false,"showSkybox":true,"showFlares":true,"showImageEffects":true,"showParticleSystems":true},"in2DMode":false,"pivot":{"x":4.124701499938965,"y":4.0968523025512699,"z":-14.484129905700684},"rotation":{"x":-0.21040603518486024,"y":0.44811496138572695,"z":-0.10938213765621185,"w":-0.8620437979698181},"size":10.412444114685059,"orthographic":false}