{"cameraMode":{"drawMode":0,"name":"Shaded","section":"Shading Mode"},"sceneLighting":false,"audioPlay":false,"sceneViewState":{"showFog":true,"showMaterialUpdate":false,"showSkybox":false,"showFlares":true,"showImageEffects":true,"showParticleSystems":true},"in2DMode":false,"pivot":{"x":1.9900000095367432,"y":0.9975383281707764,"z":-2.910659074783325},"rotation":{"x":-0.16634167730808259,"y":-0.05826333537697792,"z":0.009824978187680245,"w":-0.984368622303009},"size":1.1871845722198487,"orthographic":false}