{"cameraMode":{"drawMode":0,"name":"Shaded","section":"Shading Mode"},"sceneLighting":false,"audioPlay":false,"sceneViewState":{"showFog":true,"showMaterialUpdate":false,"showSkybox":false,"showFlares":true,"showImageEffects":true,"showParticleSystems":true},"in2DMode":false,"pivot":{"x":8.74462890625,"y":2.4279627799987795,"z":-3.4304287433624269},"rotation":{"x":-0.24296432733535767,"y":0.12440314143896103,"z":-0.03144107758998871,"w":-0.9615491032600403},"size":5.1815948486328129,"orthographic":false}