{"cameraMode":{"drawMode":0,"name":"Shaded","section":"Shading Mode"},"sceneLighting":true,"audioPlay":false,"sceneViewState":{"showFog":true,"showMaterialUpdate":false,"showSkybox":true,"showFlares":true,"showImageEffects":true,"showParticleSystems":true},"in2DMode":false,"pivot":{"x":5.622116565704346,"y":4.076053619384766,"z":-13.824127197265625},"rotation":{"x":-0.24596761167049409,"y":0.5554795265197754,"z":-0.17641067504882813,"w":-0.7745327949523926},"size":10.403676986694336,"orthographic":false}