{"cameraMode":{"drawMode":0,"name":"Shaded","section":"Shading Mode"},"sceneLighting":true,"audioPlay":false,"sceneViewState":{"showFog":true,"showMaterialUpdate":false,"showSkybox":true,"showFlares":true,"showImageEffects":true,"showParticleSystems":true},"in2DMode":false,"pivot":{"x":22.70993423461914,"y":0.753645122051239,"z":-3.4729197025299074},"rotation":{"x":-0.21545179188251496,"y":0.055302638560533527,"z":-0.01222238689661026,"w":-0.9749112725257874},"size":9.471646308898926,"orthographic":false}